mol_id,smiles
1,CCCCC
2,CCCC
3,CC=CC(C)=CC=CC1=CC=C1
4,CCC
5,CC1=CC=CC=CC=C1
6,CC1=CCC=CC=C1
7,CC1=C2C=CC(c3ccccc3)=C=CC=CC(=C2)C1
8,CC=CC(C)=CC
9,CC=CC1=[O+]CC=C1
10,CCCCCCC
11,c1ccc2ccccc2c1
12,CCCC
13,C1=Cc2cccc(c2)C=C1
14,C1=Cc2cccc1c2
15,CC=CC=CC=CC=CC
16,C=C1C=CC=C1
17,c1ccccccccc1
18,CCCC
19,CCCC
20,CC=Cc1ccccc1C
21,C=CC1=CC=C1
22,CC1=CCC=C1
23,C=CC=CC
24,CC1=CCC=CC=CC=C1
25,CCC(C)C
26,CC1=CC=CC1
27,CCCC
28,CCCCC
29,CCCC
30,CC(C)C
31,Cc1ccccc1
32,CC=CC=C1C=CC=C1
33,CCC(C)C
34,CCCCC
35,CC=CC=C1C=C1
36,O=CC1=C2C=CC=CC3=C4CC(=CC2=CC14)C=C3
37,C=CC=CC=CC=C(C)O
38,C1=CC(C=C2C=CC=C2)=C1
39,C=CC1=CC=C1
40,C1=Cc2cccc1c2
41,C1=CC2(C=C3C=C(C3)C2)C1=CCC1=CCCO1
42,C1=CC2=CCC(=C1)C=C2
43,C1=CCC=C1
44,CC
45,Cc1ccccc1
46,CC1=CC=CC=CC=C1
47,C1=C[O+]=C2C=CC=CC(=C1)C=C2
48,CCCC
49,c1ccccc1
50,CC1=CC=CC=CC=C1
51,c1ccccc1
52,Cc1ccccc1
53,C1=CC=CC=CC=C1
54,C1=CC2=CC(=C2)C=C1
55,C1=Cc2cccc(c2)C1
56,CC(C)C(C)O
57,C1=c2ccc3ccc(c=3cc2)=CC1
58,CCCCC
59,CC1=CC=CC=CC=C=C1
60,CCCCC
61,CCCC
62,CC1=CC=CC=CC=C1
63,C1=Cc2ccc(cc2)C1
64,C1=CC(=CC=C2C=C2)C=C1
65,Cc1ccccc1
66,Cc1ccc2cc1C=CC=C2
67,CC(C)=CC1=CC=C1
68,Cc1cccc(C)c1
69,C1=CC=CCC=C1
70,C=c1cc2ccc1=CC=CC=C2
71,C=C1C=CC=C2C=C3CC2=CC32C=C1C=C[OH+]2
72,CC1=CC=CC2=CC=C=CC1=C2
73,CCC(C)C
74,CC1=CC=CC=CC(C)=C1
75,CC=C1C=CC=C1
76,CC1=CC2=CC3=C(C)C=CC=C2CC3=C1C
77,C1=CC23C=CC=1c1cc4c5c(c1CC2=CC3C=5)=C4
78,CC1=CC=CC=CC=C1C
79,CC1=CC=CC=CC=C1
80,CCC(C)C
81,Cc1ccccc1
82,C1=CC=CCC=CC=C1
83,Cc1cccc[o+]1
84,Cc1cccc[o+]1
85,C1=CC=CCC=C1
86,C1=Cc2cc1c1cc2C=C1
87,CCC(C)C
88,CC
89,C1=Cc2cccc1[o+]2
90,C1=CC=CC=CC=C1
91,CCCCC
92,C1=Cc2ccccc2C1
93,CCCCC
94,CCCCC
95,CC1=CC=CC2=CC1=C2
96,CC=CC=CO
97,C=CC=[O+]C=C
98,Cc1ccccc1
99,C1=CCCC1
100,CCCC(C)C
101,CCCCCC
102,OC1=C2C=CC1=C2
103,CC1=CC=CCC=CC(=O)C1
104,CCCCCC
105,C=C1CC(O)(C2=CC=C2)CC2=C3CC4=C(C3)C(=C2)C1=C4
106,CC1(C)CC2(C)C3=CC=C3c3ccc(cc3)C=CC12
107,CCCC
108,CO
109,C1=CC=C2C=CC=CC(=C1)C=C2
110,C1=CC=CCC=CC=C1
111,CC1=CC(O)=C1
112,c1ccccc1
113,C=CCC
114,C1=CC2C=CC(=C2)C2=CC(=C1)C2
115,CCC
116,CC=C1C=CCC=C(C)C=[O+]1
117,CC=C1C2=CC=CCC=CC=CC(C)=C1C=C2
118,CC(=CC=CC1=CC(C)=C1C)C=C1C=CC=C1
119,CC1=CC2C=CC(=C1)C(C)=C2
120,c1ccccc1
121,C=Cc1ccccc1
122,CCC(C)C
123,CC1CCCC1
124,CC1=CC(=CC=C2CC3=C(C2)C(C2=CC(C)=C2)=C3)C=C1
125,CC=CC=CC
126,CCCCC
127,c1ccccc1
128,CCCCC
